[
  {
    "judul": "Solo Leveling Season 2",
    "episode": "Episode 1",
    "embed": "https://mega.nz/embed/BRIlQYia#c3V-t6FFiCCd5usrUeuC5NWf1XHLPp1i1fbH5AFZy8Q"
  },
  {
    "judul": "Solo Leveling Season 2",
    "episode": "Episode 2",
    "embed": "https://mega.nz/embed/RZIzlSLZ#pXeSFoaA-U1-1bJlA_Y-rgtToCNNvKpUDURJLzDfQiQ"
  },
  {
    "judul": "Solo Leveling Season 2",
    "episode": "Episode 3",
    "embed": "https://mega.nz/embed/tMAXzRiI#lCD-7TZ9bwV_q-ZXCZ63AMSJ16wMTEieyMemYy_nBdU"
  },
  {
    "judul": "Solo Leveling Season 2",
    "episode": "Episode 4",
    "embed": "https://mega.nz/embed/sdAxRZxQ#HalE6eTM2ioXEmN0npPpge5B_3rOseINCqb1P2jHs58"
  },
  {
    "judul": "Solo Leveling Season 2",
    "episode": "Episode 5",
    "embed": "https://mega.nz/embed/NUwh1AZI#hm05v1roPUgw1v81-928KO7VpmoxCpRQygsNDwZMH3c"
  },
  {
    "judul": "Solo Leveling Season 2",
    "episode": "Episode 6",
    "embed": "https://mega.nz/embed/YRwGDSyT#BBYHBlxwn91_7rQoc5B6VYzVH1bf8ky7BA6RtCNocvQ"
  },
  {
    "judul": "Solo Leveling Season 2",
    "episode": "Episode 7",
    "embed": "https://mega.nz/embed/Mc43AThS#gAAn_Qy_EXBNi4VskyUGMkSmewcPrkdy4ZywLwJsH8g"
  },
  {
    "judul": "Solo Leveling Season 2",
    "episode": "Episode 8",
    "embed": "https://mega.nz/embed/tEASGKCL#6AKZybT3kXPEtsrIH2hoZZtEwZezemLtvKbVjI2wQ7M"
  },
  {
    "judul": "Solo Leveling Season 2",
    "episode": "Episode 9",
    "embed": "https://mega.nz/embed/5IpGVQSb#eI6fcN-7Gk143MkREvyhHg_dzxJVEJ_3MFhx1N0dDEg"
  },
  {
    "judul": "Solo Leveling Season 2",
    "episode": "Episode 10",
    "embed": "https://mega.nz/embed/gcwTCZIZ#Gio0fi1useM0aslSBWo0qtpetprgxoI2ezmvTiueOHk"
  }
]
