[
  {
    "judul": "solo-leveling",
    "episode": "Episode 1",
    "embed": "https://mega.nz/embed/wVQESDiL#rWrzrxNp6Ip17-s-dICc2iaMr73T5Pic5Ep563F3vlY"
  },
  {
    "judul": "solo-leveling",
    "episode": "Episode 2",
    "embed": "https://mega.nz/embed/gA5VnRBL#7RQII5KdmoV-Tj4OwaBOJ3ncg7q70Et7K86OE4WLPA0"
  },
  {
    "judul": "solo-leveling",
    "episode": "Episode 3",
    "embed": "https://mega.nz/embed/9d43yZgA#JfeYXtCuhCNDbxejLHRDkeTdW3nRK1Xz5RC1sAowfL4"
  },
  {
    "judul": "solo-leveling",
    "episode": "Episode 4",
    "embed": "https://mega.nz/embed/5UQCmIYR#4Lsgd_7srCe5I40zUoAqYruTYSkh6RumVAOocKoD5-g"
  },
  {
    "judul": "solo-leveling",
    "episode": "Episode 5",
    "embed": "https://mega.nz/embed/sEwWjTwZ#MJwYHtqIN7hp_yXCqeIyqACGZtIOVZ-YrKeoGesmBpA"
  },
  {
    "judul": "solo-leveling",
    "episode": "Episode 6",
    "embed": "https://mega.nz/embed/hYxzCLBQ#hfwORuSgBA7kw5_YDlqNQf-YPJhuCbc08jzzzRHQXgA"
  },
  {
    "judul": "solo-leveling",
    "episode": "Episode 7",
    "embed": "https://mega.nz/embed/xYxjCCKK#IXwLYHqhopYbAH6VZ4ZVv-9RxuoE0OTBgB5VkZicwJA"
  },
  {
    "judul": "solo-leveling",
    "episode": "Episode 8",
    "embed": "https://mega.nz/embed/cdAzCbzY#I5LwEY-QLsk6XkgJ4Fd_fWE403R_wZV6t-lOGb5-lQM"
  },
  {
    "judul": "solo-leveling",
    "episode": "Episode 9",
    "embed": "https://mega.nz/embed/5VxjxJ7A#mOLObws05S43C2hxxoiCAJqkJs-O3ro1LIXdoMP9xeo"
  },
  {
    "judul": "solo-leveling",
    "episode": "Episode 10",
    "embed": "https://mega.nz/embed/Mcp3jbJI#bwfSBck90h_u0X050bXrQF5k7KZVnNR4hY_1HN4EaNI"
  },
  {
    "judul": "solo-leveling",
    "episode": "Episode 11",
    "embed": "https://mega.nz/embed/4N5mTQyZ#1P2XC3_DohVFY_d1wpR80Zf1U0ORhXwX7wG7298rSg0"
  },
  {
    "judul": "solo-leveling",
    "episode": "Episode 12",
    "embed": "https://mega.nz/embed/BZpjALxA#9Bl_75xizjLGer-xbb9m8qMLbufl10ChJK9Y7JhFmwc"
  }
]
